{"_runtime":1359.142823095,"train/answer_reward":0.33203125,"grpo_step":50,"train/grad_norm":10.875,"_step":55,"_wandb":{"runtime":1364},"train/loss":-1.1840912103652954,"eval/accuracy":0.3772,"eval_step":5,"train/reward":0.33203125,"train/format_reward":0.94140625,"train/mean_response_length":254.12890625,"train_step":49,"train/avg_mean_ratio":0,"_timestamp":1.7493567388227925e+09,"train/avg_token_entropy":1.751840429380536,"eval/answer_accuracy":0.3772,"train/avg_clip_fraction":0,"eval/format_accuracy":0.964}